Name,Title,Cryptocurrency
kathleen cruz,Ergonomist,msc
jessica snyder,"Civil engineer, consulting",usdt
debra wagner,Metallurgist,xrp
jamie lee dds,Energy engineer,vtc
teresa martin,Artist,grc
nicholas simpson,Government social research officer,ppc
daniel taylor,Trade union research officer,pot
michelle boone,"Therapist, occupational",ppc
jacob stephens,Operational investment banker,bc
kathryn hall,Herbalist,dash
gabrielle vasquez,Outdoor activities/education manager,stc
laura coleman,Games developer,etc
michelle owens,Secondary school teacher,mzc
michael johnson,Electronics engineer,ppc
amy schwartz,Field trials officer,ada
diane cox,Merchant navy officer,zec
jeffrey klein,Medical illustrator,xpm
patricia arias,Network engineer,grc
robert green,Herbalist,tit
michelle brown,Government social research officer,nem
amber baker,Insurance claims handler,drc
craig sawyer,"Therapist, occupational",waves
rebecca gutierrez,"Buyer, industrial",waves
larry brown,Artist,lsk
juan blackwell,Professor Emeritus,fth
luis stein,Technical brewer,doge
richard mahoney,Herpetologist,fth
laura reyes,"Designer, textile",nmc
james carter,Primary school teacher,eos
anthony estrada,"Teacher, music",aur
thomas mathis,Banker,burst
mr. kevin simmons,"Pharmacist, hospital",zcl
cristina holland,Hydrographic surveyor,ada
mary york,Restaurant manager,waves
cynthia rivera,Dealer,zcl
anthony robinson,Radio producer,xdn
aaron bates,"Psychologist, sport and exercise",drc
margaret mack,Environmental health practitioner,ppc
natasha daniel,English as a foreign language teacher,lsk
rebecca bartlett,"Doctor, hospital",ltc
joseph simmons,Geophysical data processor,xmr
sheryl mcbride,Exhibition designer,grc
dr. sabrina ibarra,"Engineer, technical sales",emc
michael smith,Patent examiner,neo
isaiah gonzales,"Doctor, hospital",tit
kristin johnson,"Sales professional, IT",burst
angela bailey,"Nurse, learning disability",srn
tina carter,Fisheries officer,nxt
elizabeth hernandez,Learning mentor,btc
ryan brown,"Teacher, English as a foreign language",bcn
theresa yang,Stage manager,xpm
mark turner,Careers information officer,waves
christopher reynolds,Web designer,aur
janet morris,Social researcher,nem
michael gallegos,"Designer, ceramics/pottery",usdt
morgan riddle,"Nurse, children's",xrp
gabriela peters,Sales executive,ltc
tyler bridges,Translator,bc
donald mcdonald,"Engineer, site",eos
michelle carter,General practice doctor,vtc
alexander marshall,Museum/gallery conservator,xpm
tara turner,"Surveyor, commercial/residential",usdt
joseph humphrey,Diagnostic radiographer,zcl
christine gordon,Scientific laboratory technician,grc
derek fowler,Herbalist,waves
elizabeth rose,Advertising account planner,doge
lisa miller,"Engineer, manufacturing",zcl
brianna wright,Engineering geologist,xmr
maria aguilar,Medical physicist,stc
ashley henderson,International aid/development worker,ltc
victoria perry,Astronomer,doge
lori white,"Psychologist, occupational",amp
jamie hawkins,Physiotherapist,btc
amy dunn,Best boy,tit
sara murray,Statistician,trx
catherine smith,Surgeon,fth
daniel ramos,Architect,xdn
laura reynolds,Horticultural consultant,ubq
thomas hart,Diagnostic radiographer,ubq
dale warner,Medical technical officer,amp
kristen lopez,Occupational psychologist,xpm
mallory daniel,Tax inspector,eos
andrew ward,Health service manager,doge
gregory benton,Television production assistant,xdn
christian lozano,Chief Operating Officer,fth
cameron price,Magazine journalist,eth
daniel simpson,Optometrist,ubq
victor diaz,"Engineer, technical sales",bch
erin sanders,Chartered management accountant,etc
ryan harper,Prison officer,btc
jennifer potts,Corporate investment banker,nmc
cristian david,Production manager,stc
ronald lopez,"Therapist, art",eth
ronald cortez,"Engineer, chemical",eos
timothy perry,Broadcast presenter,etc
kelly phelps,Event organiser,koi
linda ingram,Maintenance engineer,bch
kelsey brown,"Designer, industrial/product",ada
carrie york,"Engineer, petroleum",ppc
jennifer johnson,Chartered certified accountant,zec
jane bradley,"Engineer, water",neo
jonathan griffin,Ophthalmologist,vtc
kristen sosa,Health promotion specialist,waves
erica wilson,"Engineer, broadcasting (operations)",tit
steven moore,"Scientist, research (maths)",srn
pamela simmons,Public librarian,nmc
charles esparza,"Journalist, newspaper",aur
amy davis,Field seismologist,bcn
kevin elliott,Cartographer,eth
emily franklin,Dietitian,amp
autumn schneider,Architect,xrp
travis lucas,"Surveyor, minerals",bch
megan clay,Trading standards officer,amp
matthew zimmerman,Nature conservation officer,ubq
amanda bright,"Sound technician, broadcasting/film/video",eth
samuel smith,Arboriculturist,nxt
casey black,Equities trader,pot
katherine king,Industrial/product designer,zec
robert trujillo,Fine artist,nem
amanda rodriguez,Surgeon,iota
michael house,Operations geologist,trx
duane patton,Child psychotherapist,amp
anne lawrence,Sales executive,eos
kimberly sawyer,Pensions consultant,burst
catherine solis,"Scientist, clinical (histocompatibility and immunogenetics)",emc
justin wright,"Designer, textile",zcl
andrea marshall,Physiotherapist,xrp
margaret smith dds,Chief of Staff,grc
rachel ross,Production manager,trx
david stewart,"Horticulturist, commercial",doge
stephanie hodge,TEFL teacher,tit
erica clark,"Administrator, Civil Service",zec
robin saunders,Health visitor,bcn
stephen strickland,Recruitment consultant,usdt
austin parsons,Economist,iota
renee salazar,Photographer,lsk
sonya weaver,Civil Service fast streamer,trx
alexander page,Speech and language therapist,nem
danielle rivers,Health and safety adviser,xmr
jennifer mayer,Production manager,xpm
amy davis,"Development worker, community",waves
evelyn campbell,Recruitment consultant,doge
jane bridges,"Sound technician, broadcasting/film/video",doge
joseph ramirez,"Accountant, chartered",bch
jennifer sanchez,Air broker,aur
donna morales,Research scientist (life sciences),ppc
robert james,Academic librarian,eos
william berry,"Conservator, furniture",vtc
andrew johnson,Homeopath,xrp
michael ross,Water engineer,koi
james oneal,Fashion designer,koi
brent roy,Dance movement psychotherapist,vtc
angel johnson,Sales executive,xpm
thomas jimenez,Research scientist (life sciences),etc
matthew juarez,Information officer,trx
tony howell,Surgeon,waves
emily knight,"Clinical scientist, histocompatibility and immunogenetics",bch
donald smith,"Administrator, charities/voluntary organisations",neo
dawn floyd,"Presenter, broadcasting",trx
margaret gibbs,Civil Service fast streamer,drc
dr. christopher gardner,Volunteer coordinator,amp
yvette grant,Community arts worker,ubq
david garcia,Academic librarian,ltc
nathan campbell,Police officer,bcn
lori nash,Adult guidance worker,grc
derek guerrero,"Designer, fashion/clothing",doge
christian hernandez,Primary school teacher,ltc
melissa mullins,Customer service manager,amp
nancy cameron,"Engineer, electrical",trx
krystal hopkins,Television/film/video producer,doge
cody oneal,Health promotion specialist,dash
denise booth,Pharmacologist,xmr
rita keller,Investment analyst,koi
matthew ward,Archivist,msc
justin tucker,"Engineer, aeronautical",mzc
anthony morgan,Probation officer,srn
rebecca bradley,Chief Operating Officer,mzc
jennifer shepherd,Fish farm manager,xpm
rebecca hernandez,"Loss adjuster, chartered",iota
derek gomez,Fitness centre manager,ada
keith nelson,Building surveyor,zcl
allen pena,Housing manager/officer,emc
barbara vargas,Theatre manager,drc
dr. katie roy,"Sound technician, broadcasting/film/video",emc
anne morales,"Pilot, airline",emc
dorothy campbell,Ceramics designer,tit
terry mendoza,Probation officer,usdt
christina clark,Higher education lecturer,eos
sean aguilar,Statistician,bch
rebekah ferguson,Clinical biochemist,zcl
john mcclure,Meteorologist,neo
alyssa rivera,"Physicist, medical",xrp
jill vega,Medical sales representative,zec
michael brooks,Communications engineer,nxt
olivia frost,Neurosurgeon,bcn
matthew soto,"Therapist, nutritional",msc
phillip ali,"Geologist, engineering",amp
dr. scott mann jr.,Commissioning editor,srn
christopher bird,Press sub,stc
jessica hicks,"Education officer, museum",srn
marcus mcgee,Clinical research associate,eos
richard evans,"Surveyor, building control",btc
victoria sanchez,Science writer,aur
jerry peck,Chief Strategy Officer,xpm
christopher frederick,"Solicitor, Scotland",ltc
brandon smith,Environmental health practitioner,doge
dana frank,Customer service manager,ltc
robert drake,"Editor, magazine features",ubq
thomas jones,Charity fundraiser,msc
ashlee lamb,Mechanical engineer,tit
emma cox,Art gallery manager,btc
brenda solis,Curator,koi
jasmine pierce,"Surveyor, insurance",msc
jamie coleman,Health and safety inspector,lsk
marc terry,Civil Service administrator,ppc
sarah sellers,Translator,bcn
nicholas golden,Translator,ltc
becky flowers,Audiological scientist,eth
amanda owens,Nature conservation officer,aur
michelle grimes,Pharmacologist,grc
jessica davis,Clinical biochemist,mzc
ryan brooks,Press sub,nmc
mary perry,"Copywriter, advertising",dash
michael clark,Set designer,nxt
miranda warner,Accommodation manager,bcn
angela williams,Health and safety adviser,burst
tonya guzman,Neurosurgeon,xrp
nicholas ray,Teaching laboratory technician,tit
vincent watson,Public relations account executive,zec
mary osborn,"Radiographer, therapeutic",dash
daniel brown,"Lecturer, higher education",ltc
jill gardner,"Librarian, public",bch
dana erickson,"Designer, interior/spatial",mzc
elizabeth lynch,Site engineer,eth
terri hamilton,"Designer, industrial/product",grc
terry smith,Marketing executive,drc
samantha juarez dds,"Clinical scientist, histocompatibility and immunogenetics",ada
patrick thomas,Patent examiner,koi
anthony wang,Glass blower/designer,ubq
johnny miller,Best boy,fth
monica hall,"Engineer, maintenance (IT)",tit
sydney cook,"Nurse, learning disability",nxt
ethan franklin,Quantity surveyor,tit
john ramos,Clinical molecular geneticist,xdn
robert gallagher,Copy,zec
anne thompson,Higher education lecturer,ubq
dr. jennifer hopkins,"Designer, multimedia",msc
kayla morris,Geographical information systems officer,stc
ronald smith,Advertising art director,amp
allen crawford,Writer,zec
